"","Rank","Team","2012","Last 3","Last 1","Home","Away","2011"
"1","1","Michigan","14.2%","14.8%","16.6%","12.1%","15.8%","17.0%"
"2","2","Bucknell","14.8%","8.7%","13.0%","14.4%","15.1%","17.9%"
"3","3","Detroit","15.2%","14.8%","15.6%","13.5%","16.5%","18.3%"
"4","4","Duke","15.3%","14.4%","17.1%","15.3%","15.3%","17.3%"
"5","5","Wisconsin","15.4%","18.6%","17.2%","14.5%","16.3%","14.4%"
"6","6","Cal Poly","15.4%","16.4%","11.7%","14.3%","16.2%","17.1%"
"7","7","UCLA","15.5%","16.1%","20.6%","15.2%","15.8%","17.7%"
"8","8","Mississippi","15.5%","18.2%","18.4%","15.1%","15.8%","20.3%"
"9","9","Temple","15.6%","12.4%","15.7%","16.4%","14.7%","17.5%"
"10","10","Ohio State","15.8%","12.6%","12.2%","17.1%","14.6%","17.2%"
"11","11","Arkansas","16.0%","15.9%","15.4%","15.5%","16.6%","18.0%"
"12","12","Niagara","16.0%","11.7%","15.2%","16.8%","15.4%","18.1%"
"13","13","Lehigh","16.1%","16.5%","16.1%","14.6%","17.2%","16.0%"
"14","14","Troy","16.1%","13.6%","15.7%","16.4%","15.8%","17.4%"
"15","15","S Dakota St","16.1%","18.4%","19.3%","14.7%","17.0%","15.2%"
"16","16","St Johns","16.3%","18.9%","21.5%","14.8%","17.7%","18.7%"
"17","17","Miami (FL)","16.3%","13.8%","13.1%","16.8%","16.0%","16.5%"
"18","18","Southern","16.4%","17.3%","15.7%","14.5%","17.1%","20.2%"
"19","19","Rice","16.5%","14.3%","12.9%","16.8%","16.1%","18.9%"
"20","20","Missouri St","16.6%","13.2%","14.8%","14.9%","17.8%","15.9%"
"21","21","VCU","16.6%","15.5%","16.7%","15.3%","17.8%","16.9%"
"22","22","BYU","16.6%","13.7%","15.7%","15.5%","18.0%","17.6%"
"23","23","Evansville","16.6%","14.5%","13.4%","16.5%","16.7%","17.7%"
"24","24","Davidson","16.7%","15.3%","17.5%","15.9%","17.1%","16.7%"
"25","25","Youngs St","16.7%","15.3%","19.7%","16.5%","16.8%","16.9%"
"26","26","Montana St","16.7%","14.6%","17.9%","15.2%","18.1%","19.5%"
"27","27","Iona","16.7%","22.3%","22.8%","16.0%","17.1%","16.9%"
"28","28","La Salle","16.8%","14.8%","13.6%","15.6%","17.6%","18.2%"
"29","29","Gonzaga","16.8%","16.5%","20.0%","15.9%","17.5%","18.7%"
"30","30","Northwestern","16.8%","16.4%","13.5%","16.6%","17.1%","15.3%"
"31","31","James Mad","16.8%","18.7%","15.8%","17.3%","16.6%","18.9%"
"32","32","Nebraska","16.9%","15.2%","24.7%","16.4%","17.4%","20.3%"
"33","33","N Carolina","16.9%","17.4%","14.8%","17.5%","16.3%","16.0%"
"34","34","Baylor","16.9%","11.2%","15.9%","16.2%","17.7%","19.9%"
"35","35","Colorado St","16.9%","22.7%","31.6%","15.9%","17.8%","18.9%"
"36","36","Stanford","17.0%","19.1%","21.1%","17.0%","16.9%","19.4%"
"37","37","Oakland","17.0%","13.1%","15.0%","15.7%","17.7%","16.3%"
"38","38","Illinois","17.0%","16.7%","14.1%","18.5%","15.7%","19.8%"
"39","39","VA Tech","17.0%","16.0%","12.9%","17.0%","17.1%","17.8%"
"40","40","Oklahoma","17.1%","11.1%","14.0%","16.6%","17.4%","18.5%"
"41","41","Central Conn","17.1%","20.9%","15.5%","18.9%","15.9%","19.9%"
"42","42","LA Tech","17.1%","17.4%","26.3%","15.9%","18.1%","17.9%"
"43","43","Notre Dame","17.2%","20.0%","26.0%","16.6%","17.9%","15.5%"
"44","44","VA Military","17.2%","12.5%","18.8%","16.8%","17.4%","17.7%"
"45","45","Elon","17.2%","18.8%","26.1%","15.1%","18.7%","18.7%"
"46","46","Toledo","17.2%","15.7%","18.4%","15.9%","18.2%","19.8%"
"47","47","Saint Louis","17.2%","19.9%","16.9%","17.1%","17.4%","17.2%"
"48","48","Sac State","17.3%","18.9%","23.7%","16.6%","17.9%","20.1%"
"49","49","S Florida","17.4%","16.3%","19.2%","17.9%","16.7%","21.1%"
"50","50","Boston Col","17.4%","16.7%","17.7%","17.6%","17.2%","21.6%"
"51","51","Florida","17.4%","19.6%","20.8%","16.8%","17.8%","16.5%"
"52","52","New Mexico","17.4%","16.0%","17.3%","16.8%","18.0%","19.5%"
"53","53","Bradley","17.5%","13.2%","11.3%","17.2%","17.8%","20.0%"
"54","54","Columbia","17.5%","19.6%","21.0%","15.9%","18.8%","19.0%"
"55","55","High Point","17.5%","14.3%","14.7%","16.1%","18.8%","18.5%"
"56","56","NC-Grnsboro","17.5%","12.4%","8.5%","18.4%","16.7%","20.2%"
"57","57","Charl South","17.5%","11.1%","20.2%","15.1%","19.4%","18.0%"
"58","58","McNeese St","17.5%","15.6%","12.8%","16.0%","18.5%","17.8%"
"59","59","TX Southern","17.6%","17.5%","19.4%","17.4%","17.7%","23.9%"
"60","60","Pacific","17.6%","16.7%","22.0%","16.9%","18.0%","18.1%"
"61","61","NC State","17.6%","18.2%","19.7%","17.6%","17.5%","18.3%"
"62","62","E Kentucky","17.6%","18.1%","16.3%","17.3%","17.9%","16.3%"
"63","63","San Fransco","17.6%","16.7%","20.8%","16.3%","19.0%","18.2%"
"64","64","Georgia St","17.7%","15.1%","14.1%","18.2%","17.1%","17.1%"
"65","65","South Dakota","17.7%","14.8%","18.0%","14.9%","19.5%","18.4%"
"66","66","Pittsburgh","17.7%","23.0%","21.6%","17.3%","18.1%","19.5%"
"67","67","CS Fullerton","17.7%","19.1%","13.4%","15.8%","18.8%","21.4%"
"68","68","St Fran (NY)","17.8%","15.2%","26.2%","16.0%","18.9%","22.0%"
"69","69","Connecticut","17.8%","18.4%","16.8%","18.6%","16.7%","18.2%"
"70","70","San Diego St","17.8%","16.2%","24.1%","16.1%","18.9%","18.2%"
"71","71","Virginia","17.8%","22.1%","23.8%","17.5%","18.2%","18.3%"
"72","72","Portland St","17.8%","15.4%","14.9%","17.2%","18.3%","19.6%"
"73","73","Kansas St","17.8%","17.3%","15.0%","18.3%","17.4%","20.4%"
"74","74","Oklahoma St","17.8%","18.0%","19.7%","17.5%","18.1%","17.2%"
"75","75","N Dakota St","17.8%","18.7%","20.3%","16.2%","18.7%","18.0%"
"76","76","Jackson St","17.9%","15.5%","17.1%","15.6%","18.8%","22.5%"
"77","77","Loyola-MD","18.0%","19.2%","19.4%","17.8%","18.1%","19.5%"
"78","78","Fresno St","18.0%","13.8%","13.3%","17.7%","18.1%","15.8%"
"79","79","Stony Brook","18.0%","17.8%","17.2%","16.5%","18.8%","19.3%"
"80","80","Mt St Marys","18.0%","17.4%","17.9%","15.8%","19.3%","24.6%"
"81","81","Clemson","18.0%","15.7%","16.4%","17.4%","18.6%","18.1%"
"82","82","St Marys","18.0%","16.1%","20.8%","15.9%","19.9%","17.7%"
"83","83","Santa Clara","18.0%","18.5%","14.9%","17.6%","18.5%","16.3%"
"84","84","Boise State","18.0%","16.0%","16.4%","17.2%","18.7%","17.9%"
"85","85","Beth-Cook","18.0%","15.4%","7.4%","17.9%","18.1%","19.9%"
"86","86","Houston","18.0%","16.3%","19.5%","18.0%","18.1%","20.7%"
"87","87","Navy","18.0%","20.2%","17.6%","16.1%","19.5%","22.2%"
"88","88","Louisville","18.1%","14.9%","14.5%","17.0%","18.8%","20.0%"
"89","89","Ohio","18.1%","18.7%","23.0%","17.6%","18.7%","18.9%"
"90","90","Arizona St","18.1%","21.9%","20.1%","19.1%","16.8%","24.9%"
"91","91","E Carolina","18.1%","16.4%","19.2%","16.3%","20.4%","19.7%"
"92","92","Iowa State","18.2%","17.2%","23.7%","16.9%","19.4%","18.0%"
"93","93","N Hampshire","18.2%","16.6%","22.9%","18.6%","17.9%","19.4%"
"94","94","SE Missouri","18.2%","17.6%","18.2%","18.3%","18.1%","19.4%"
"95","95","Iowa","18.2%","16.6%","15.9%","18.3%","18.1%","17.7%"
"96","96","Denver","18.2%","15.3%","22.0%","15.7%","20.8%","18.9%"
"97","97","UC Irvine","18.3%","17.5%","20.8%","19.0%","17.9%","20.6%"
"98","98","St Josephs","18.3%","20.4%","20.2%","15.9%","20.1%","17.8%"
"99","99","Richmond","18.3%","15.8%","26.6%","18.7%","17.9%","16.8%"
"100","100","Rhode Island","18.3%","15.0%","10.8%","17.6%","19.0%","20.1%"
"101","101","Nevada","18.3%","19.5%","17.1%","18.1%","18.5%","20.1%"
"102","102","Air Force","18.3%","21.1%","16.2%","17.2%","19.1%","20.0%"
"103","103","Syracuse","18.3%","16.2%","16.6%","18.5%","18.2%","15.4%"
"104","104","Delaware","18.4%","21.3%","24.0%","16.9%","19.3%","18.2%"
"105","105","TX A&M-CC","18.4%","18.0%","13.7%","18.1%","18.6%","22.2%"
"106","106","Wyoming","18.4%","20.2%","21.4%","18.9%","17.8%","17.8%"
"107","107","Kent State","18.4%","15.5%","13.5%","18.4%","18.4%","20.3%"
"108","108","Illinois St","18.4%","17.7%","16.9%","16.5%","20.2%","17.7%"
"109","109","North Dakota","18.4%","15.5%","20.8%","19.0%","18.0%","21.1%"
"110","110","Purdue","18.4%","14.7%","13.6%","17.6%","19.4%","13.0%"
"111","111","W Carolina","18.4%","15.5%","15.9%","16.9%","19.2%","18.5%"
"112","112","Weber State","18.4%","18.4%","16.2%","17.1%","19.7%","15.3%"
"113","113","Penn State","18.4%","15.7%","12.5%","16.2%","21.2%","18.5%"
"114","114","Drexel","18.5%","18.5%","26.1%","18.0%","18.8%","18.4%"
"115","115","Missouri","18.5%","19.7%","7.2%","17.0%","19.9%","15.0%"
"116","116","Arkansas St","18.5%","22.4%","26.0%","16.2%","20.6%","20.3%"
"117","117","Tulane","18.5%","17.6%","20.6%","18.0%","19.0%","18.7%"
"118","118","IUPUI","18.5%","17.9%","19.6%","18.2%","18.8%","16.9%"
"119","119","California","18.6%","19.1%","24.7%","18.0%","19.1%","17.8%"
"120","120","Lafayette","18.6%","14.8%","13.2%","16.4%","20.6%","18.4%"
"121","121","N Kentucky","18.6%","11.7%","20.8%","14.7%","20.4%","--"
"122","122","Utah Val St","18.6%","20.9%","23.5%","15.1%","20.6%","18.6%"
"123","123","Creighton","18.6%","18.2%","15.2%","18.2%","19.0%","17.3%"
"124","124","Providence","18.6%","14.2%","13.5%","18.7%","18.5%","17.8%"
"125","125","Wash State","18.6%","17.3%","18.1%","18.3%","19.0%","19.8%"
"126","126","Boston U","18.7%","15.5%","23.0%","17.6%","19.4%","20.2%"
"127","127","Indiana","18.7%","20.2%","27.3%","19.2%","18.2%","18.6%"
"128","128","Rob Morris","18.8%","16.7%","19.2%","18.8%","18.7%","20.3%"
"129","129","Cal St Nrdge","18.8%","18.0%","11.1%","18.0%","19.3%","19.4%"
"130","130","NW State","18.8%","15.5%","22.7%","19.9%","18.1%","19.9%"
"131","131","Montana","18.8%","20.3%","25.1%","18.6%","19.0%","18.1%"
"132","132","Bryant","18.8%","20.4%","19.8%","18.7%","19.0%","21.6%"
"133","133","E Washingtn","18.9%","16.2%","10.6%","19.5%","18.4%","16.6%"
"134","134","Cincinnati","18.9%","18.6%","13.9%","18.6%","19.2%","16.1%"
"135","135","Kentucky","18.9%","17.9%","25.4%","17.5%","20.7%","16.6%"
"136","136","App State","18.9%","19.1%","22.2%","18.7%","19.1%","20.4%"
"137","137","Radford","18.9%","11.7%","12.4%","18.7%","19.1%","19.6%"
"138","138","Texas State","18.9%","16.8%","13.0%","18.4%","19.4%","19.1%"
"139","139","GA Tech","19.0%","15.6%","15.4%","18.4%","19.6%","22.0%"
"140","140","Wichita St","19.0%","15.4%","17.7%","18.6%","19.2%","17.1%"
"141","141","N Iowa","19.0%","11.3%","13.5%","16.7%","21.7%","17.1%"
"142","142","SE Louisiana","19.0%","13.9%","16.7%","15.2%","21.1%","22.6%"
"143","143","S Illinois","19.1%","18.3%","28.0%","18.0%","19.8%","20.0%"
"144","144","Idaho State","19.1%","16.2%","17.9%","15.4%","21.5%","20.3%"
"145","145","Arizona","19.1%","19.9%","16.9%","18.9%","19.3%","18.3%"
"146","146","Oregon St","19.1%","20.1%","16.1%","17.5%","21.1%","18.8%"
"147","147","W Illinois","19.1%","16.5%","15.8%","19.0%","19.2%","18.0%"
"148","148","Mercer","19.2%","14.5%","16.4%","16.2%","21.0%","22.0%"
"149","149","USC","19.2%","13.6%","10.3%","19.6%","18.8%","16.9%"
"150","150","Belmont","19.2%","15.6%","12.1%","17.3%","20.4%","16.9%"
"151","151","Cornell","19.2%","17.2%","18.8%","17.7%","20.4%","19.1%"
"152","152","LA Lafayette","19.2%","16.6%","18.5%","18.8%","19.6%","22.1%"
"153","153","Vanderbilt","19.2%","14.8%","15.3%","18.1%","20.2%","19.2%"
"154","154","TX El Paso","19.3%","19.5%","21.2%","17.9%","20.7%","20.6%"
"155","155","Indiana St","19.3%","20.6%","23.8%","17.3%","20.6%","18.3%"
"156","156","Washington","19.3%","16.3%","12.4%","19.8%","18.8%","17.8%"
"157","157","Canisius","19.3%","14.5%","22.2%","18.0%","20.4%","20.8%"
"158","158","Auburn","19.3%","18.6%","16.6%","18.5%","20.2%","20.0%"
"159","159","DePaul","19.3%","20.5%","18.5%","19.1%","19.6%","17.7%"
"160","160","Central Ark","19.4%","20.5%","17.8%","17.6%","20.8%","19.9%"
"161","161","Central Mich","19.4%","14.8%","12.8%","20.1%","18.9%","18.3%"
"162","162","Liberty","19.4%","13.4%","15.2%","18.7%","19.8%","17.2%"
"163","163","Holy Cross","19.4%","14.7%","14.7%","18.8%","19.8%","20.0%"
"164","164","W Virginia","19.4%","18.2%","23.0%","18.4%","20.2%","18.3%"
"165","165","Drake","19.5%","16.8%","12.4%","20.7%","18.4%","18.5%"
"166","166","Northeastrn","19.5%","21.7%","25.1%","18.6%","20.2%","23.2%"
"167","167","Alabama","19.5%","20.0%","21.9%","18.8%","20.3%","19.6%"
"168","168","IL-Chicago","19.5%","22.2%","31.6%","18.4%","20.4%","21.3%"
"169","169","Colgate","19.5%","14.9%","14.0%","17.1%","21.0%","21.2%"
"170","170","Utah","19.5%","15.9%","26.8%","20.4%","18.7%","21.3%"
"171","171","Bowling Grn","19.5%","17.0%","17.2%","19.3%","19.8%","20.0%"
"172","172","St Peters","19.5%","22.2%","20.4%","20.6%","18.7%","22.9%"
"173","173","Colorado","19.5%","19.3%","22.8%","19.6%","19.4%","18.9%"
"174","174","Tennessee","19.5%","20.0%","17.5%","18.0%","21.1%","20.1%"
"175","175","St Bonavent","19.5%","23.3%","23.8%","19.9%","19.2%","20.9%"
"176","176","Chattanooga","19.6%","16.4%","13.8%","19.2%","20.0%","19.2%"
"177","177","Quinnipiac","19.6%","13.3%","12.3%","19.4%","19.8%","17.8%"
"178","178","SC Upstate","19.6%","15.3%","16.1%","18.4%","20.3%","21.0%"
"179","179","Georgetown","19.6%","17.2%","18.4%","19.1%","20.3%","19.0%"
"180","180","Campbell","19.7%","15.7%","18.5%","21.7%","18.1%","20.3%"
"181","181","Loyola Mymt","19.7%","18.8%","24.9%","18.4%","20.6%","19.3%"
"182","182","GA Southern","19.7%","18.8%","19.5%","15.8%","21.8%","21.5%"
"183","183","American","19.7%","15.4%","13.3%","21.0%","18.7%","17.0%"
"184","184","Wm & Mary","19.7%","24.1%","22.2%","20.0%","19.6%","19.5%"
"185","185","LIU-Brooklyn","19.8%","22.8%","17.4%","18.7%","20.4%","20.7%"
"186","186","Central FL","19.8%","19.7%","20.9%","19.1%","20.8%","18.4%"
"187","187","E Tenn St","19.8%","17.4%","11.8%","17.3%","21.4%","19.8%"
"188","188","Butler","19.8%","19.1%","21.0%","18.9%","20.4%","19.6%"
"189","189","San Jose St","19.8%","20.3%","19.2%","19.5%","20.0%","16.0%"
"190","190","Nicholls St","19.8%","15.1%","17.4%","18.8%","20.3%","21.6%"
"191","191","Neb Omaha","19.8%","14.3%","13.8%","17.5%","21.3%","17.7%"
"192","192","Princeton","19.8%","15.4%","12.4%","18.3%","21.0%","18.5%"
"193","193","UNLV","19.8%","16.9%","16.9%","20.5%","18.9%","18.8%"
"194","194","N Colorado","19.8%","19.2%","18.6%","18.4%","20.7%","23.3%"
"195","195","Xavier","19.9%","18.6%","16.4%","20.5%","19.2%","18.0%"
"196","196","Kansas","19.9%","23.5%","16.8%","18.5%","21.1%","18.8%"
"197","197","Sam Hous St","19.9%","19.9%","15.4%","21.6%","19.0%","23.6%"
"198","198","IPFW","19.9%","19.6%","14.8%","18.8%","20.6%","20.3%"
"199","199","U Mass","19.9%","28.0%","25.8%","17.9%","21.6%","19.1%"
"200","200","Wofford","19.9%","14.0%","16.2%","18.0%","21.0%","17.7%"
"201","201","Ste F Austin","19.9%","19.0%","16.3%","17.9%","21.3%","21.2%"
"202","202","LSU","20.0%","14.7%","14.5%","21.0%","18.8%","18.7%"
"203","203","N Arizona","20.1%","21.2%","23.2%","17.5%","21.6%","21.6%"
"204","204","Col Charlestn","20.1%","15.9%","21.5%","21.2%","19.1%","18.3%"
"205","205","North Texas","20.1%","18.8%","20.5%","19.8%","20.4%","19.9%"
"206","206","Murray St","20.1%","22.4%","35.4%","17.0%","22.2%","20.1%"
"207","207","Oral Roberts","20.1%","17.0%","18.1%","17.4%","21.8%","19.3%"
"208","208","Middle Tenn","20.2%","16.6%","15.4%","18.4%","21.6%","20.2%"
"209","209","TX-San Ant","20.2%","21.9%","20.8%","17.9%","21.5%","19.8%"
"210","210","Vermont","20.2%","21.1%","24.0%","19.0%","21.1%","18.5%"
"211","211","CS Bakersfld","20.2%","18.5%","23.7%","19.2%","20.7%","21.2%"
"212","212","Dartmouth","20.2%","18.5%","26.3%","20.3%","20.2%","20.7%"
"213","213","NC-Asheville","20.2%","19.1%","16.1%","21.4%","19.6%","18.6%"
"214","214","San Diego","20.2%","20.3%","19.3%","20.3%","20.2%","18.9%"
"215","215","Army","20.2%","16.5%","12.1%","19.0%","21.0%","20.8%"
"216","216","Old Dominion","20.3%","23.2%","25.7%","20.2%","20.3%","20.1%"
"217","217","Memphis","20.3%","17.9%","15.6%","20.1%","20.4%","18.2%"
"218","218","Akron","20.3%","26.1%","33.4%","19.4%","21.1%","20.3%"
"219","219","Hawaii","20.3%","18.9%","22.3%","20.9%","19.1%","20.8%"
"220","220","Wright State","20.3%","21.0%","22.7%","20.9%","19.8%","21.3%"
"221","221","Duquesne","20.3%","20.4%","21.1%","20.6%","20.1%","16.7%"
"222","222","UC Davis","20.3%","17.4%","23.2%","18.6%","21.6%","22.5%"
"223","223","WI-Grn Bay","20.4%","16.7%","17.1%","21.3%","19.4%","21.4%"
"224","224","Michigan St","20.4%","23.2%","17.0%","19.5%","21.1%","19.2%"
"225","225","Monmouth","20.4%","22.6%","22.4%","21.2%","19.8%","19.1%"
"226","226","Wake Forest","20.4%","19.6%","19.3%","20.1%","20.7%","18.3%"
"227","227","TX-Pan Am","20.4%","21.0%","25.5%","19.5%","20.9%","22.4%"
"228","228","Loyola-Chi","20.4%","17.9%","18.9%","17.9%","22.4%","22.7%"
"229","229","Marquette","20.4%","20.9%","23.8%","18.8%","21.8%","18.2%"
"230","230","Harvard","20.4%","15.5%","12.3%","21.1%","19.8%","19.7%"
"231","231","Lg Beach St","20.4%","19.5%","16.6%","22.1%","19.4%","18.5%"
"232","232","Marist","20.4%","17.4%","18.6%","19.4%","21.2%","20.9%"
"233","233","Geo Mason","20.4%","21.6%","21.6%","20.6%","20.3%","21.4%"
"234","234","Texas A&M","20.5%","22.2%","17.6%","18.5%","22.9%","20.4%"
"235","235","Gard-Webb","20.5%","20.4%","29.3%","19.1%","21.5%","20.3%"
"236","236","Kennesaw St","20.5%","22.2%","26.3%","19.4%","21.2%","20.6%"
"237","237","Coppin State","20.5%","22.2%","17.4%","20.8%","20.4%","18.0%"
"238","238","Alab A&M","20.5%","22.6%","24.8%","19.0%","21.5%","22.8%"
"239","239","Ark Pine Bl","20.6%","20.7%","24.5%","19.5%","21.1%","21.9%"
"240","240","Utah State","20.6%","21.5%","21.4%","19.1%","22.3%","18.8%"
"241","241","TN Martin","20.6%","20.8%","24.2%","20.1%","21.0%","22.4%"
"242","242","Norfolk St","20.6%","22.2%","25.4%","19.3%","21.3%","20.2%"
"243","243","Samford","20.6%","19.7%","9.5%","20.6%","20.6%","19.7%"
"244","244","Fla Gulf Cst","20.6%","21.8%","31.0%","19.9%","21.1%","20.9%"
"245","245","Jksnville St","20.7%","15.9%","19.4%","16.8%","23.1%","18.6%"
"246","246","Chicago St","20.7%","11.9%","8.4%","19.2%","21.4%","23.2%"
"247","247","Albany","20.7%","18.5%","20.7%","20.4%","21.0%","18.6%"
"248","248","Idaho","20.7%","19.7%","27.6%","19.7%","21.5%","19.5%"
"249","249","Rutgers","20.8%","18.9%","9.5%","18.8%","22.8%","21.3%"
"250","250","Minnesota","20.9%","23.0%","22.3%","19.1%","22.6%","21.8%"
"251","251","Winthrop","20.9%","17.6%","13.4%","20.2%","21.4%","18.3%"
"252","252","Miss Val St","20.9%","21.1%","22.1%","21.6%","20.6%","19.7%"
"253","253","Texas","20.9%","18.0%","15.1%","20.1%","21.7%","17.9%"
"254","254","Maryland BC","21.0%","21.8%","25.6%","18.8%","22.6%","20.2%"
"255","255","WI-Milwkee","21.0%","15.3%","18.1%","20.7%","21.2%","20.1%"
"256","256","E Illinois","21.0%","18.8%","15.8%","20.8%","21.2%","19.5%"
"257","257","Fairfield","21.0%","19.6%","15.7%","21.4%","20.9%","21.3%"
"258","258","Prairie View","21.1%","22.4%","23.9%","19.7%","21.7%","21.9%"
"259","259","Oregon","21.1%","22.7%","17.3%","21.3%","20.8%","18.5%"
"260","260","NJIT","21.1%","21.0%","28.4%","19.3%","22.6%","18.2%"
"261","261","Jacksonville","21.1%","25.4%","23.9%","20.0%","21.7%","21.5%"
"262","262","Texas Tech","21.1%","22.7%","26.3%","20.4%","22.4%","25.2%"
"263","263","Tulsa","21.1%","16.4%","20.4%","21.7%","20.7%","21.3%"
"264","264","Presbyterian","21.1%","18.3%","19.7%","20.9%","21.2%","20.2%"
"265","265","NC-Wilmgton","21.1%","11.6%","11.0%","19.4%","22.6%","20.0%"
"266","266","Cleveland St","21.2%","16.9%","16.2%","20.3%","21.7%","21.2%"
"267","267","Brown","21.2%","25.7%","19.0%","23.2%","19.5%","18.4%"
"268","268","Florida Intl","21.2%","21.6%","20.8%","21.6%","20.9%","21.5%"
"269","269","Dayton","21.3%","19.9%","13.9%","19.3%","23.5%","19.2%"
"270","270","SIU Edward","21.3%","22.6%","23.9%","18.7%","23.3%","22.3%"
"271","271","Coastal Car","21.3%","16.3%","13.2%","19.7%","22.8%","20.0%"
"272","272","Maine","21.3%","20.5%","28.1%","20.8%","21.6%","18.8%"
"273","273","Wagner","21.3%","17.8%","18.2%","19.5%","22.9%","18.5%"
"274","274","UAB","21.4%","22.6%","18.6%","19.4%","22.9%","21.9%"
"275","275","S Alabama","21.4%","22.6%","21.0%","21.6%","21.2%","23.1%"
"276","276","Alabama St","21.4%","17.9%","18.8%","21.7%","21.2%","21.6%"
"277","277","Sacred Hrt","21.4%","19.1%","15.6%","19.9%","22.4%","21.5%"
"278","278","TX Christian","21.4%","20.3%","17.3%","20.1%","23.0%","18.9%"
"279","279","S Utah","21.4%","14.9%","13.3%","18.5%","23.4%","20.3%"
"280","280","Miami (OH)","21.5%","23.5%","31.1%","20.9%","21.8%","20.9%"
"281","281","S Mississippi","21.5%","17.4%","11.6%","19.6%","22.8%","15.6%"
"282","282","TN State","21.5%","22.1%","21.6%","19.3%","22.9%","20.9%"
"283","283","TX-Arlington","21.5%","14.6%","14.7%","19.5%","23.2%","21.7%"
"284","284","N Mex State","21.5%","19.2%","25.6%","23.5%","19.9%","20.2%"
"285","285","St Fran (PA)","21.6%","20.8%","9.9%","21.9%","21.3%","23.8%"
"286","286","Delaware St","21.6%","22.1%","23.5%","19.4%","22.5%","15.6%"
"287","287","Hofstra","21.6%","20.3%","17.4%","20.2%","22.7%","19.6%"
"288","288","Florida St","21.6%","24.2%","29.6%","21.6%","21.6%","23.1%"
"289","289","Yale","21.6%","18.0%","20.1%","21.2%","21.8%","20.7%"
"290","290","Towson","21.6%","22.7%","26.1%","19.7%","22.7%","27.7%"
"291","291","N Florida","21.6%","23.7%","27.7%","20.0%","22.4%","22.3%"
"292","292","Maryland","21.7%","24.5%","24.8%","21.7%","21.6%","19.1%"
"293","293","Morgan St","21.7%","20.0%","20.5%","19.4%","22.6%","22.3%"
"294","294","Hartford","21.7%","23.0%","24.2%","21.2%","22.2%","22.5%"
"295","295","F Dickinson","21.7%","19.6%","13.1%","20.6%","22.5%","21.5%"
"296","296","Charlotte","21.8%","22.1%","17.3%","21.1%","22.3%","19.6%"
"297","297","AR Lit Rock","21.8%","22.3%","28.7%","20.3%","23.2%","18.2%"
"298","298","W Kentucky","21.8%","18.9%","12.9%","20.5%","22.6%","21.4%"
"299","299","UCSB","21.8%","20.4%","17.5%","21.1%","22.3%","17.3%"
"300","300","Alcorn State","21.9%","22.5%","23.6%","17.5%","24.1%","21.9%"
"301","301","W Michigan","21.9%","23.2%","32.1%","18.9%","24.0%","21.1%"
"302","302","Florida A&M","22.0%","23.2%","29.7%","21.4%","22.1%","21.7%"
"303","303","Valparaiso","22.0%","20.9%","11.2%","22.5%","21.4%","21.7%"
"304","304","Fla Atlantic","22.0%","16.1%","15.2%","19.2%","24.3%","17.6%"
"305","305","Furman","22.1%","17.1%","26.5%","20.7%","23.1%","20.6%"
"306","306","UC Riverside","22.1%","13.0%","15.0%","21.9%","22.3%","19.9%"
"307","307","NC A&T","22.2%","24.6%","39.1%","19.9%","23.2%","20.9%"
"308","308","S Car State","22.3%","22.6%","22.2%","21.1%","23.2%","21.3%"
"309","309","S Carolina","22.3%","20.5%","24.3%","20.5%","24.6%","19.9%"
"310","310","Longwood","22.3%","19.5%","15.4%","20.2%","23.4%","17.1%"
"311","311","Pepperdine","22.3%","19.7%","27.0%","21.0%","23.2%","20.6%"
"312","312","Fordham","22.3%","21.2%","25.3%","19.8%","23.7%","19.1%"
"313","313","Villanova","22.3%","26.3%","22.1%","21.5%","22.9%","19.5%"
"314","314","E Michigan","22.3%","20.2%","16.5%","20.1%","24.2%","21.7%"
"315","315","S Methodist","22.3%","19.2%","23.2%","20.1%","24.0%","20.1%"
"316","316","Georgia","22.4%","19.7%","17.7%","23.1%","21.4%","15.7%"
"317","317","Marshall","22.4%","21.6%","23.5%","21.1%","23.6%","19.0%"
"318","318","NC Central","22.5%","21.5%","24.4%","25.4%","20.6%","22.8%"
"319","319","UMKC","22.7%","20.3%","11.2%","20.4%","24.3%","19.3%"
"320","320","N Illinois","22.7%","21.7%","10.3%","21.6%","23.6%","24.5%"
"321","321","Stetson","22.7%","22.9%","20.7%","22.1%","23.2%","23.6%"
"322","322","Binghamton","22.7%","22.4%","26.2%","21.5%","23.7%","22.0%"
"323","323","Austin Peay","22.8%","17.3%","21.0%","20.8%","24.0%","20.5%"
"324","324","Geo Wshgtn","22.8%","21.5%","24.2%","20.5%","24.7%","19.7%"
"325","325","Lipscomb","22.8%","19.7%","29.6%","20.3%","24.8%","20.1%"
"326","326","Portland","22.8%","21.1%","28.8%","21.8%","23.8%","22.1%"
"327","327","Maryland ES","22.9%","23.2%","21.0%","26.2%","21.5%","24.6%"
"328","328","Rider","22.9%","28.4%","24.9%","24.7%","21.6%","20.9%"
"329","329","U Penn","23.0%","21.5%","26.3%","22.2%","23.6%","19.0%"
"330","330","Siena","23.1%","26.6%","30.2%","21.3%","24.5%","20.6%"
"331","331","Buffalo","23.2%","16.7%","11.6%","22.7%","23.6%","21.4%"
"332","332","Ball State","23.2%","21.9%","26.3%","22.6%","23.9%","19.9%"
"333","333","LA Monroe","23.3%","25.1%","22.5%","19.8%","26.0%","19.6%"
"334","334","Seton Hall","23.3%","24.4%","17.7%","22.7%","23.9%","18.3%"
"335","335","Howard","23.3%","22.1%","20.8%","19.4%","25.4%","23.4%"
"336","336","Citadel","23.5%","18.6%","21.6%","23.3%","23.6%","20.8%"
"337","337","Hampton","23.7%","20.8%","24.9%","20.5%","26.5%","20.1%"
"338","338","TN Tech","23.7%","24.0%","19.4%","22.0%","25.0%","21.4%"
"339","339","New Orleans","23.9%","26.0%","25.0%","23.3%","24.2%","19.6%"
"340","340","Houston Bap","24.1%","23.3%","26.8%","22.7%","24.8%","20.9%"
"341","341","Morehead St","24.2%","23.1%","22.6%","24.7%","23.9%","23.3%"
"342","342","Miss State","24.3%","21.4%","22.9%","23.7%","24.7%","17.4%"
"343","343","Seattle","24.9%","22.8%","27.7%","23.2%","27.0%","19.2%"
"344","344","Lamar","25.0%","23.2%","17.8%","22.8%","26.2%","16.7%"
"345","345","Manhattan","25.1%","22.9%","32.6%","22.7%","26.3%","22.5%"
"346","346","Grambling St","26.2%","18.2%","22.7%","21.9%","28.2%","23.7%"
"347","347","Savannah St","26.5%","18.5%","19.4%","27.1%","26.1%","21.8%"
